<?xml version="1.0" encoding="UTF-8"?>
<project-private xmlns="http://www.netbeans.org/ns/project-private/1">
    <editor-bookmarks xmlns="http://www.netbeans.org/ns/editor-bookmarks/2" lastBookmarkId="0"/>
    <open-files xmlns="http://www.netbeans.org/ns/projectui-open-files/2">
        <group>
            <file>file:/C:/Users/jmse8/Desktop/project_BaServer/src/Logic/Profile.java</file>
            <file>file:/C:/Users/jmse8/Desktop/project_BaServer/src/Logic/game.java</file>
            <file>file:/C:/Users/jmse8/Desktop/project_BaServer/src/Logic/Register.java</file>
            <file>file:/C:/Users/jmse8/Desktop/project_BaServer/src/Logic/SendMail.java</file>
        </group>
    </open-files>
</project-private>
